{
  "controller/App-dbg.controller.js": 1713936528091,
  "controller/formatter.js": 1709792372912,
  "model/models.js": 1709789619804,
  "manifest.json": 1713947942942,
  "controller/SASplit.controller.js": 1709792372912,
  "controller/SAMaster.controller.js": 1713947857107,
  "controller/SADetail.controller.js": 1713947904354,
  "controller/App.controller.js": 1713936528091,
  "Component.js": 1709791925255,
  "Component-preload.js": 1713947943153,
  "controller/formatter-dbg.js": 1709792372912,
  "model/models-dbg.js": 1709789619804,
  "controller/SASplit-dbg.controller.js": 1709792372912,
  "controller/SAMaster-dbg.controller.js": 1713947857107,
  "controller/SADetail-dbg.controller.js": 1713947904354,
  "i18n/i18n.properties": 1713876595086,
  "Component-dbg.js": 1709791925255,
  "view/SASplit.view.xml": 1709792349176,
  "view/SAMaster.view.xml": 1713944485975,
  "view/SADetail.view.xml": 1713946803172,
  "view/NoData.view.xml": 1709792349176,
  "view/App.view.xml": 1709792077068,
  "fragment/filterFragment.fragment.xml": 1709792326501,
  "fragment/Remarks.fragment.xml": 1713898002184,
  "fragment/PlantFrag.fragment.xml": 1709792326501,
  "fragment/MaterialFrag.fragment.xml": 1709792326501,
  "css/style.css": 1709792047273,
  "index.html": 1709789619796
}