{
  "controller/SASplit-dbg.controller.js": 1709792372912,
  "controller/formatter.js": 1713956866310,
  "model/models.js": 1709789619804,
  "manifest.json": 1714643076933,
  "controller/SASplit.controller.js": 1709792372912,
  "controller/SAMaster.controller.js": 1714642499593,
  "controller/SADetail.controller.js": 1714639328064,
  "controller/App.controller.js": 1714377278144,
  "Component.js": 1714641403701,
  "Component-preload.js": 1714643077356,
  "controller/SADetail-dbg.controller.js": 1714639328064,
  "controller/formatter-dbg.js": 1713956866310,
  "i18n/i18n.properties": 1714636468185,
  "controller/SAMaster-dbg.controller.js": 1714642499593,
  "model/models-dbg.js": 1709789619804,
  "controller/App-dbg.controller.js": 1714377278144,
  "Component-dbg.js": 1714641403701,
  "view/SASplit.view.xml": 1709792349176,
  "view/SAMaster.view.xml": 1714638773762,
  "view/SADetail.view.xml": 1714539125049,
  "view/NoData.view.xml": 1709792349176,
  "view/App.view.xml": 1709792077068,
  "fragment/filterFragment.fragment.xml": 1714638517667,
  "fragment/Remarks.fragment.xml": 1713898002184,
  "fragment/PlantFrag.fragment.xml": 1714638640502,
  "fragment/MaterialFrag.fragment.xml": 1709792326501,
  "fragment/Dialog.fragment.xml": 1714539357452,
  "css/style.css": 1709792047273,
  "index.html": 1709789619796
}