{
  "view/SAConfirm.view.xml": 1709792349176,
  "controller/App.controller.js": 1709792124904,
  "model/models.js": 1709789619804,
  "controller/formatter.js": 1709792372912,
  "controller/SASplit.controller.js": 1709792372912,
  "controller/SAMaster.controller.js": 1709792372912,
  "controller/SADetail.controller.js": 1709792373160,
  "controller/SAConfirm.controller.js": 1709792373160,
  "controller/SAAsnEdit.controller.js": 1709792372912,
  "controller/SAAsnCreate.controller.js": 1709899558588,
  "controller/ItemDisplay.controller.js": 1709792373160,
  "manifest.json": 1709899623103,
  "Component.js": 1709791925255,
  "Component-preload.js": 1709899623682,
  "Component-dbg.js": 1709791925255,
  "controller/formatter-dbg.js": 1709792372912,
  "controller/SASplit-dbg.controller.js": 1709792372912,
  "controller/SAMaster-dbg.controller.js": 1709792372912,
  "controller/SADetail-dbg.controller.js": 1709792373160,
  "controller/SAConfirm-dbg.controller.js": 1709792373160,
  "controller/SAAsnEdit-dbg.controller.js": 1709792372912,
  "controller/SAAsnCreate-dbg.controller.js": 1709899558588,
  "controller/ItemDisplay-dbg.controller.js": 1709792373160,
  "controller/App-dbg.controller.js": 1709792124904,
  "model/models-dbg.js": 1709789619804,
  "view/materialFrag.fragment.xml": 1709792349176,
  "view/SASplit.view.xml": 1709792349176,
  "view/SAMaster.view.xml": 1709792349176,
  "view/SAFragRequiredQuan.fragment.xml": 1709792349176,
  "view/SADetail.view.xml": 1709792349176,
  "view/SAConfirmResponse.fragment.xml": 1709792349176,
  "i18n/i18n.properties": 1709789630971,
  "view/SAAsnEdit.view.xml": 1709792349176,
  "view/SAAsnCreate.view.xml": 1709794542969,
  "view/PricePopoverFragment.fragment.xml": 1709792349176,
  "view/NoData.view.xml": 1709792349176,
  "view/ItemDisplay.view.xml": 1709792349176,
  "view/App.view.xml": 1709792077068,
  "fragment/filterFragment.fragment.xml": 1709792326501,
  "fragment/PlantFrag.fragment.xml": 1709792326501,
  "fragment/MaterialFrag.fragment.xml": 1709792326501,
  "fragment/DetailPopoverFragment.fragment.xml": 1709792326501,
  "fragment/DatePopoverFragment.fragment.xml": 1709792326501,
  "css/style.css": 1709792047273,
  "index.html": 1709789619796
}