{
  "fragment/filterFragment.fragment.xml": 1711101062724,
  "controller/SADetail.controller.js": 1711101062724,
  "model/models.js": 1711101062724,
  "controller/formatter.js": 1711101062724,
  "controller/SASplit.controller.js": 1711101062724,
  "controller/SAMaster.controller.js": 1711101062724,
  "manifest.json": 1711104743780,
  "controller/SAConfirm.controller.js": 1711101062724,
  "controller/SAAsnEdit.controller.js": 1711101062724,
  "controller/SAAsnCreate.controller.js": 1711102341653,
  "controller/ItemDisplay.controller.js": 1711101062724,
  "controller/App.controller.js": 1711101062724,
  "Component.js": 1711101062724,
  "Component-preload.js": 1711104744180,
  "Component-dbg.js": 1711101062724,
  "controller/formatter-dbg.js": 1711101062724,
  "controller/SASplit-dbg.controller.js": 1711101062724,
  "controller/SAMaster-dbg.controller.js": 1711101062724,
  "controller/SADetail-dbg.controller.js": 1711101062724,
  "controller/SAConfirm-dbg.controller.js": 1711101062724,
  "controller/SAAsnEdit-dbg.controller.js": 1711101062724,
  "controller/SAAsnCreate-dbg.controller.js": 1711102341653,
  "controller/ItemDisplay-dbg.controller.js": 1711101062724,
  "controller/App-dbg.controller.js": 1711101062724,
  "model/models-dbg.js": 1711101062724,
  "view/materialFrag.fragment.xml": 1711101062728,
  "view/SASplit.view.xml": 1711101062728,
  "view/SAMaster.view.xml": 1711101062728,
  "view/SAFragRequiredQuan.fragment.xml": 1711101062728,
  "view/SADetail.view.xml": 1711101062728,
  "view/SAConfirmResponse.fragment.xml": 1711101062728,
  "view/SAConfirm.view.xml": 1711101062728,
  "view/SAAsnEdit.view.xml": 1711101062728,
  "view/SAAsnCreate.view.xml": 1711101585060,
  "view/PricePopoverFragment.fragment.xml": 1711101062728,
  "view/NoData.view.xml": 1711101062728,
  "view/ItemDisplay.view.xml": 1711101062728,
  "view/App.view.xml": 1711101062728,
  "css/style.css": 1711101062724,
  "i18n/i18n.properties": 1711101062724,
  "fragment/PlantFrag.fragment.xml": 1711101062724,
  "fragment/MaterialFrag.fragment.xml": 1711101062724,
  "fragment/DetailPopoverFragment.fragment.xml": 1711101062724,
  "fragment/DatePopoverFragment.fragment.xml": 1711101062724,
  "index.html": 1711101062724
}